"","Postcode","Population","Median Age","Median Income","Unemp Rate","Transport","Mean Yr of Edu","Case Per Pop","Covid Case"
"1","2000",27411,30,634,0.03998318107106,"walk",9.24402612090037,0.280799678961001,7697
"2","2007",8845,26,386,0.0635257999763845,"walk",9.66579988694177,0.216393442622951,1914
"3","2008",11712,26,526,0.0591668877686389,"walk",9.96900614754098,0.227202868852459,2661
"4","2009",12813,34,1111,0.0351028133872494,"walk",9.3818777803793,0.208850386326387,2676
"5","2010",27734,34,1209,0.0312736921910538,"walk",9.26555852022788,0.240859594721281,6680
"6","2011",21196,35,1304,0.0265569111666422,"walk",8.58968673334591,0.181402151349311,3845
"7","2015",9918,33,1297,0.0274563194917177,"drive_car",9.35218794111716,0.273744706594071,2715
"8","2016",13213,35,991,0.0351889475822836,"train",9.20086278664951,0.266025883599485,3515
"9","2017",24695,30,829,0.0462238159793589,"drive_car",9.33197003441992,0.28155497064183,6953
"10","2018",17028,34,663,0.0387360543274894,"drive_car",8.39382194033357,0.274371623208833,4672
"11","2019",10838,36,901,0.0266031598513011,"drive_car",7.91003875253737,0.336132127698837,3643
"12","2020",14772,32,806,0.0350480056201702,"drive_car",8.95301922556187,0.40353371242892,5961
"13","2021",15313,36,1393,0.0240402674479754,"drive_car",9.03820283419317,0.219943838568537,3368
"14","2022",12507,36,1089,0.0276424287856072,"train",8.4989206044615,0.280163108659151,3504
"15","2023",10716,37,1318,0.0223387280601778,"drive_car",8.68635684957074,0.24374766703994,2612
"16","2024",11073,38,1171,0.0227724961308866,"drive_car",8.27327734128059,0.262711099069809,2909
"17","2025",7405,41,1375,0.020272410516313,"drive_car",8.76988521269413,0.206212018906144,1527
"18","2026",32490,33,1191,0.0261682242990654,"drive_car",8.60787934749154,0.294090489381348,9555
"19","2027",8195,45,1526,0.0163214922507201,"drive_car",8.89115314215985,0.177303233679073,1453
"20","2028",4642,39,1427,0.0218605780908428,"drive_car",9.14584230934942,0.216286083584662,1004
"21","2029",9961,38,1154,0.0242439084119016,"drive_car",8.64401164541713,0.249272161429575,2483
"22","2030",14079,40,1108,0.0239061795218764,"drive_car",8.45280204559983,0.251935506783152,3547
"23","2031",34726,35,1127,0.0260798138134027,"drive_car",8.74871853942291,0.249784023498243,8674
"24","2032",16689,28,469,0.0533108108108108,"drive_car",9.25819402001318,0.210078494816945,3506
"25","2033",11570,31,760,0.0382637927625074,"drive_car",9.12929991356958,0.240103716508211,2778
"26","2034",20713,35,1179,0.0258349086326402,"drive_car",8.58364312267658,0.266595857673925,5522
"27","2035",34490,37,769,0.0311501597444089,"drive_car",8.53421281530879,0.26610611771528,9178
"28","2036",30407,39,718,0.0269329642080285,"drive_car",7.60683395270826,0.273752754299997,8324
"29","2037",16115,34,894,0.040785498489426,"drive_car",9.14005584858827,0.22550418864412,3634
"30","2038",9451,37,1162,0.0304143961475098,"drive_car",8.76404613268437,0.22293937149508,2107
"31","2039",8725,38,1457,0.0230044345898004,"drive_car",8.61065902578797,0.221432664756447,1932
"32","2040",22242,37,1105,0.028862383256442,"drive_car",8.20420825465336,0.242199442496178,5387
"33","2041",15690,41,1376,0.0267912291537986,"drive_car",8.5402166985341,0.208922880815806,3278
"34","2042",19129,33,1061,0.0331918851363134,"train",9.26917246066182,0.259553557425898,4965
"35","2043",8014,34,1381,0.0269398063701417,"train",9.36361367606688,0.297728974294984,2386
"36","2044",7846,35,926,0.0325239808153477,"drive_car",8.64172826918175,0.275554422635738,2162
"37","2045",6457,44,801,0.0243623905595737,"drive_car",8.01657116307883,0.227969645346136,1472
"38","2046",26822,41,935,0.0252360203340595,"drive_car",8.25415703526956,0.226977854000447,6088
"39","2047",11950,40,1170,0.0237905634083217,"drive_car",8.53096234309623,0.210794979079498,2519
"40","2048",7938,35,1067,0.0259302666276004,"drive_car",8.74955908289242,0.238221214411691,1891
"41","2049",11282,36,996,0.0345995893223819,"drive_car",8.68436447438397,0.255717071441234,2885
"42","2050",8963,31,1071,0.0405650126765665,"drive_car",9.79973223251144,0.243333705232623,2181
"43","2060",13988,37,1364,0.0273776362912853,"train",9.47097512153274,0.175722047469259,2458
"44","2061",5943,41,1514,0.0263540530716103,"train",9.57799091367996,0.167760390375231,997
"45","2062",7006,38,1385,0.0254977296542089,"drive_car",8.88367113902369,0.214102198115901,1500
"46","2063",6347,42,1155,0.0231378120560179,"drive_car",8.46289585631007,0.205136284858988,1302
"47","2064",9523,35,1028,0.0360067593916547,"train",8.74230809618818,0.17305470965032,1648
"48","2065",30119,36,1337,0.0278684701492537,"drive_car",9.19549121816793,0.189149706165543,5697
"49","2066",31626,36,1121,0.029638620257625,"drive_car",8.79605387971922,0.217953582495415,6893
"50","2067",26403,35,742,0.0390033975084938,"drive_car",8.96632958375942,0.17001855849714,4489
"51","2068",16813,40,1044,0.0280576654782204,"drive_car",8.22250639386189,0.220067804674954,3700
"52","2069",14253,40,995,0.0261087267525036,"drive_car",8.58535045253631,0.197642601557567,2817
"53","2070",13505,40,965,0.0282586319827828,"drive_car",8.70248056275454,0.203702332469456,2751
"54","2071",13545,41,903,0.0344796215429403,"drive_car",8.90439276485788,0.176448874123293,2390
"55","2072",7668,40,857,0.0356631109695908,"drive_car",8.81090245174752,0.203182055294731,1558
"56","2073",16352,40,993,0.0319232583739582,"drive_car",8.63380626223092,0.212389921722113,3473
"57","2074",22258,44,920,0.0252367688022284,"drive_car",8.70707161470033,0.188875909785246,4204
"58","2075",20451,42,932,0.0260928708341062,"drive_car",8.70935406581585,0.198572196958584,4061
"59","2076",24648,41,871,0.0270940950065836,"drive_car",8.56953911067835,0.196364816617981,4840
"60","2077",37791,37,776,0.0384083728278041,"drive_car",8.59450662856236,0.187716652112937,7094
"61","2079",7095,39,828,0.0271855010660981,"drive_car",8.59365750528541,0.246370683579986,1748
"62","2080",1708,40,758,0.0275297619047619,"drive_car",8.30386416861827,0.158665105386417,271
"63","2081",5369,39,831,0.0278505117829088,"drive_car",8.4406779661017,0.160365058670143,861
"64","2082",5397,40,818,0.0231046931407942,"drive_car",8.1248841949231,0.17491198814156,944
"65","2083",1519,49,771,0.0315870570107858,"drive_car",8.71033574720211,0.125082290980909,190
"66","2084",3625,44,827,0.0230082417582418,"drive_car",8.28441379310345,0.214068965517241,776
"67","2085",11624,45,785,0.0231238625414838,"drive_car",8.39779766001377,0.206899518238128,2405
"68","2086",13414,40,862,0.0274746687451286,"drive_car",8.26919636200984,0.24407335619502,3274
"69","2087",12798,42,788,0.0237732398658945,"drive_car",8.26863572433193,0.23300515705579,2982
"70","2088",28475,42,1295,0.0241636479863627,"drive_car",8.76825285338016,0.186549604916594,5312
"71","2089",11918,37,1381,0.0263107355483004,"drive_car",9.25524416848464,0.174693740560497,2082
"72","2090",13724,39,1347,0.0265381005205222,"drive_car",9.16008452346255,0.176187700378898,2418
"73","2092",7139,40,1062,0.0241935483870968,"drive_car",8.16893122286034,0.239249194565065,1708
"74","2093",22873,39,1029,0.0251933575978162,"drive_car",8.23145193022341,0.24373715734709,5575
"75","2094",5840,38,1250,0.022439227093289,"drive_car",8.91797945205479,0.238013698630137,1390
"76","2095",15866,36,1280,0.0266492866970816,"drive_car",9.01134501449641,0.241207613765284,3827
"77","2096",14657,36,1135,0.0207077993719766,"drive_car",8.50071638125128,0.253257829023675,3712
"78","2097",15529,39,908,0.0204756146715034,"drive_car",8.26434413033679,0.249726318500869,3878
"79","2099",39925,38,817,0.0232893968722156,"drive_car",8.34146524733876,0.261865998747652,10455
"80","2100",20911,39,824,0.024390243902439,"drive_car",8.25034670747453,0.26679737936971,5579
"81","2101",19395,42,888,0.0181301326595073,"drive_car",8.32214488270173,0.218458365558134,4237
"82","2102",7501,39,876,0.0239986187845304,"drive_car",7.91441141181176,0.240101319824023,1801
"83","2103",10670,44,870,0.0180015950780449,"drive_car",8.45679475164011,0.202436738519213,2160
"84","2104",3620,56,775,0.0169005102040816,"drive_car",8.75745856353591,0.164640883977901,596
"85","2105",1848,50,1013,0.018018018018018,"drive_car",8.5741341991342,0.158008658008658,292
"86","2106",9301,43,901,0.0225046333068573,"drive_car",8.77056230512848,0.196753037307816,1830
"87","2107",14669,45,880,0.0223111640977604,"drive_car",8.63071784034358,0.194287272479378,2850
"88","2108",1673,57,1035,0.0290736984448952,"drive_car",9.12910938433951,0.169754931261207,284
"89","2110",10343,42,967,0.0177713736791547,"drive_car",8.25514840955235,0.192400657449483,1990
"90","2111",14412,40,950,0.026704977605003,"drive_car",8.54468498473494,0.239938939772412,3458
"91","2112",32852,36,766,0.034658211046383,"drive_car",8.57567271399002,0.231705832217217,7612
"92","2113",18371,37,784,0.0364603862830114,"drive_car",8.75777039899842,0.333405911490937,6125
"93","2114",24057,35,790,0.0405755252414617,"drive_car",9.00174585359771,0.204888390073575,4929
"94","2115",10737,37,647,0.0342329711414885,"drive_car",8.01108317034553,0.241594486355593,2594
"95","2116",6642,37,645,0.0467726847521048,"drive_car",8.30939476061427,0.232460102378802,1544
"96","2117",21285,37,628,0.039650382032878,"drive_car",8.38609349307024,0.219967112990369,4682
"97","2118",24341,39,648,0.0392533764985583,"drive_car",8.70268271640442,0.200566944661271,4882
"98","2119",11643,43,910,0.0271646859083192,"drive_car",8.78098428240144,0.183114317615735,2132
"99","2120",20208,40,836,0.0302469135802469,"drive_car",8.69279493269992,0.203236342042755,4107
"100","2121",28214,37,734,0.0428546891102714,"drive_car",9.10133267172326,0.210143900191394,5929
"101","2122",31160,36,602,0.0453964674934235,"drive_car",9.11007702182285,0.166784338896021,5197
"102","2125",16374,41,875,0.0298172010788133,"drive_car",8.98460974716013,0.20447050201539,3348
"103","2126",18765,42,768,0.0342983828899322,"drive_car",8.91873168132161,0.207780442312816,3899
"104","2127",14532,33,1036,0.0363621303735608,"drive_car",8.58505367464905,0.306083126892375,4448
"105","2128",4166,33,712,0.026158038147139,"drive_car",4.4855976956313,0.129140662506001,538
"106","2130",7311,36,993,0.029126213592233,"train",8.74982902475722,0.203665709205307,1489
"107","2131",23841,34,681,0.0443083401119671,"train",8.91674006962795,0.204815234260308,4883
"108","2132",10612,40,673,0.0367779783393502,"drive_car",8.43007915567282,0.22107048624199,2346
"109","2133",11012,39,680,0.0318747223456242,"drive_car",8.27152197602615,0.226934253541591,2499
"110","2134",16033,30,478,0.0549602488765987,"train",9.34715898459427,0.253789060063619,4069
"111","2135",25251,32,658,0.0421047860768673,"drive_car",9.1630034454081,0.254326561324304,6422
"112","2136",7364,37,667,0.0371096942945889,"drive_car",8.4565453557849,0.239951113525258,1767
"113","2137",26507,39,855,0.0286842463577361,"drive_car",8.55475912023239,0.237069453351945,6284
"114","2138",20023,31,762,0.0467918348248231,"drive_car",9.16780702192479,0.192928132647455,3863
"115","2140",16167,30,705,0.0503864663847163,"drive_car",8.64031669450114,0.304694748561885,4926
"116","2141",28675,33,501,0.052616351161445,"drive_car",8.3766695727986,0.278047079337402,7973
"117","2142",26292,31,512,0.0589270427090269,"drive_car",7.61052791723718,0.296972463106648,7808
"118","2143",8921,34,492,0.0490497484628284,"drive_car",7.81425849120054,0.286066584463625,2552
"119","2144",37366,30,434,0.0676604362404967,"drive_car",7.45926778354654,0.305250762725472,11406
"120","2145",79211,34,680,0.0452624644504073,"drive_car",7.87966317809395,0.266654883791393,21122
"121","2146",17465,35,684,0.0411421995252823,"drive_car",8.13089035213284,0.265044374463212,4629
"122","2147",36341,37,677,0.0392170282663747,"drive_car",8.01681296607138,0.233262706034506,8477
"123","2148",63071,34,633,0.0468258079942614,"drive_car",7.89277163831238,0.278765201122544,17582
"124","2150",31500,31,730,0.061941178708671,"drive_car",8.51219047619048,0.250222222222222,7882
"125","2151",21306,37,737,0.0388142338081781,"drive_car",8.26884445696048,0.20956538064395,4465
"126","2152",11215,37,787,0.0328824370394809,"drive_car",8.43004904146233,0.245296477931342,2751
"127","2153",56562,38,795,0.0325928582636569,"drive_car",8.45953113397687,0.24010819985149,13581
"128","2154",39594,40,787,0.0321821774724758,"drive_car",8.56723240895085,0.218341162802445,8645
"129","2155",55452,34,908,0.0324422843256379,"drive_car",7.99998196638534,0.340204140517925,18865
"130","2156",12942,43,794,0.0218548080577727,"drive_car",8.60485241848246,0.208236748570545,2695
"131","2157",3741,41,726,0.0166777851901268,"drive_car",7.92755947607592,0.213846565089548,800
"132","2158",8575,43,747,0.0226818830242511,"drive_car",8.4998250728863,0.199183673469388,1708
"133","2159",4975,44,745,0.0235790518739141,"drive_car",8.47256281407035,0.179497487437186,893
"134","2160",35973,32,485,0.0526796375640936,"drive_car",7.50251577572068,0.290968226169627,10467
"135","2161",31418,31,451,0.0512307884543296,"drive_car",7.01995671271246,0.317652301228595,9980
"136","2162",18622,34,458,0.0497656465398401,"drive_car",7.29411448823972,0.279615508538288,5207
"137","2163",9590,36,412,0.0557640056928451,"drive_car",6.52440041710115,0.264129301355579,2533
"138","2164",19624,37,473,0.0424911212582445,"drive_car",7.28011618426417,0.276243375458622,5421
"139","2165",42444,36,407,0.0540786919955302,"drive_car",7.0776552634059,0.26531429648478,11261
"140","2166",52762,36,408,0.0665206041394742,"drive_car",7.15767029301391,0.218111519654297,11508
"141","2167",9633,35,712,0.0497347480106101,"drive_car",7.77234506384304,0.236271151250908,2276
"142","2168",43451,33,464,0.0531671858774663,"drive_car",7.08998642148627,0.264919104278383,11511
"143","2170",105451,34,545,0.0455203807159114,"drive_car",7.33961745265574,0.261211368313245,27545
"144","2171",34866,32,711,0.0365286269081401,"drive_car",7.58578557907417,0.278351402512476,9705
"145","2172",2781,36,981,0.025462962962963,"drive_car",8.34448040273283,0.267889248471773,745
"146","2173",14433,31,874,0.030905476233508,"drive_car",8.08757708030209,0.249636250259821,3603
"147","2174",2267,31,820,0.0411124546553809,"drive_car",7.42390824878694,1.40670489633877,3189
"148","2175",1837,42,627,0.0197109067017083,"drive_car",7.30430048992923,0.222101252041372,408
"149","2176",47809,38,483,0.0407576181869097,"drive_car",7.7008094710201,0.247673032274258,11841
"150","2177",15979,36,456,0.0518512768765039,"drive_car",7.45447149383566,0.253269916765755,4047
"151","2178",4230,39,669,0.0295637198622273,"drive_car",7.27328605200946,0.199763593380615,845
"152","2179",6530,38,608,0.0266490266490266,"drive_car",6.98238897396631,0.64594180704441,4218
"153","2190",25566,33,437,0.0427077430323013,"drive_car",7.1595087225221,0.302120003129156,7724
"154","2191",6322,39,548,0.0293127351950881,"drive_car",7.94179057260361,0.272065801961405,1720
"155","2192",12718,37,504,0.0458847146544307,"drive_car",7.73108979399277,0.307831420034597,3915
"156","2193",15256,38,706,0.0328730582143418,"drive_car",8.29785002621919,0.27163083377032,4144
"157","2194",24541,34,486,0.0542438086078384,"drive_car",8.4444399168738,0.25398313027179,6233
"158","2195",27154,31,433,0.067245012988286,"drive_car",7.13335051926051,0.288797230610591,7842
"159","2196",31815,33,460,0.048268328208448,"drive_car",7.38110953952538,0.311048247681911,9896
"160","2197",9069,34,469,0.0482857142857143,"drive_car",7.41404785533135,0.296173778806925,2686
"161","2198",9038,37,570,0.0308151093439364,"drive_car",7.4061739322859,0.291768090285461,2637
"162","2199",18013,34,467,0.0492445838084379,"drive_car",7.34158663187698,0.288569366568589,5198
"163","2200",43687,32,461,0.0528069347800448,"drive_car",7.37388696866345,0.293016229084167,12801
"164","2203",13707,37,915,0.0322943722943723,"drive_car",8.42598672211279,0.242066097614358,3318
"165","2204",26502,36,792,0.0359421054946989,"drive_car",8.32205116594974,0.252811108595578,6700
"166","2205",19447,30,697,0.0431787135475441,"train",8.76443667403713,0.319895099501208,6221
"167","2206",19404,42,663,0.0263938877312622,"drive_car",7.78195217480932,0.247371675943105,4800
"168","2207",28534,39,623,0.0334848225004287,"drive_car",7.85424405971823,0.244620452793159,6980
"169","2208",12446,40,588,0.0346990786120369,"drive_car",8.03631688896031,0.262815362365419,3271
"170","2209",15769,39,567,0.0426086290137175,"drive_car",8.31726805758133,0.245481641194749,3871
"171","2210",30586,41,574,0.0358200702973816,"drive_car",8.19257176485974,0.252272281435951,7716
"172","2211",16846,40,629,0.0364832963731311,"drive_car",8.24890181645494,0.242787605366259,4090
"173","2212",15847,38,629,0.0367308742104032,"drive_car",8.00877137628573,0.278538524641888,4414
"174","2213",21784,39,692,0.0320520197951433,"drive_car",8.03208777084098,0.260879544619905,5683
"175","2214",3952,39,697,0.0336294416243655,"drive_car",8.14752024291498,0.262651821862348,1038
"176","2216",28067,34,663,0.0412971982848341,"drive_car",8.47817721879788,0.267716535433071,7514
"177","2217",26843,35,693,0.0397813815966311,"drive_car",8.45058301978169,0.262414782252356,7044
"178","2218",16431,35,623,0.0437372856727695,"drive_car",8.60811879982959,0.228957458462662,3762
"179","2219",13200,44,744,0.0277600800946573,"drive_car",8.20378787878788,0.241590909090909,3189
"180","2220",32487,32,493,0.0553382379328907,"drive_car",8.95228860775079,0.241850586388402,7857
"181","2221",16481,40,705,0.0300953516090584,"drive_car",8.44238820459923,0.247861173472483,4085
"182","2222",12786,36,667,0.0412023597715142,"drive_car",8.62670107930549,0.227358047864852,2907
"183","2223",20910,39,808,0.0301472306613695,"drive_car",8.60731707317073,0.224820659971306,4701
"184","2224",14213,43,738,0.0260398762461327,"drive_car",8.25532962780553,0.229156406107085,3257
"185","2225",5407,39,927,0.0206461015302405,"drive_car",8.25097096356575,0.253560199741076,1371
"186","2226",12504,40,859,0.0240286298568507,"drive_car",8.20233525271913,0.238883557261676,2987
"187","2227",14626,40,839,0.0229757430816536,"drive_car",8.35977027211815,0.248803500615343,3639
"188","2228",18361,40,754,0.0253097109364593,"drive_car",8.22177441315833,0.280104569467894,5143
"189","2229",28718,41,822,0.0209257265877287,"drive_car",8.32732084406992,0.264120064071314,7585
"190","2230",28843,40,969,0.0208673636066645,"drive_car",8.72797559199806,0.266095759803072,7675
"191","2231",2267,37,757,0.0270906949352179,"drive_car",7.41640935156595,0.264225849139832,599
"192","2232",32870,39,835,0.0246181558899689,"drive_car",8.38262853665957,0.241101308183754,7925
"193","2233",29498,39,803,0.0213586344337579,"drive_car",8.19126720455624,0.257610685470201,7599
"194","2234",30580,40,846,0.0259073591337477,"drive_car",8.63992805755396,0.247907128842381,7581
"195","2250",67194,41,641,0.0372224244630506,"drive_car",8.03156531833199,0.202860374438194,13631
"196","2251",32702,44,641,0.0314791831208394,"drive_car",8.1857378753593,0.211363219374962,6912
"197","2256",15598,48,543,0.0398763756972712,"drive_car",8.04891652775997,0.184254391588665,2874
"198","2257",29010,46,569,0.0365929295017573,"drive_car",7.96039296794209,0.194863840055153,5653
"199","2258",5164,39,711,0.0351892022174018,"drive_car",8.22075910147173,0.209140201394268,1080
"200","2259",59513,40,566,0.0395608555744842,"drive_car",7.56125552400316,0.242451229143212,14429
"201","2260",23417,41,755,0.0296068339788826,"drive_car",8.34692744587266,0.230302771490797,5393
"202","2261",52754,42,595,0.0374434520357267,"drive_car",7.76136406717974,0.218845964287068,11545
"203","2262",20830,39,530,0.0490125240847784,"drive_car",7.46356216994719,0.237830052808449,4954
"204","2263",24267,45,517,0.0423879711148482,"drive_car",7.37899204681254,0.204021922775786,4951
"205","2264",14233,46,543,0.0389566680689945,"drive_car",7.90746855898265,0.214501510574018,3053
"206","2265",5805,44,552,0.0365145228215768,"drive_car",7.89302325581395,0.266666666666667,1548
"207","2267",2759,53,579,0.0372881355932203,"drive_car",8.29829648423342,0.167814425516491,463
"208","2278",2570,37,647,0.0471789883268482,"drive_car",7.83852140077821,0.226459143968872,582
"209","2280",26678,44,617,0.038918869477728,"drive_car",8.04599295299498,0.19341779743609,5160
"210","2281",14274,48,539,0.0386244704709693,"drive_car",8.01863528093036,0.188944934846574,2697
"211","2282",14777,44,694,0.0332974405698666,"drive_car",8.25451715503823,0.204439331393382,3021
"212","2283",23300,46,575,0.0432171636811579,"drive_car",8.06300429184549,0.17618025751073,4105
"213","2284",10500,43,571,0.048190019413041,"drive_car",7.96161904761905,0.245428571428571,2577
"214","2285",30714,36,664,0.0392408734927278,"drive_car",7.74295109721951,0.238262681513316,7318
"215","2286",3909,38,596,0.0430452939286862,"drive_car",7.5753389613712,0.258889741621898,1012
"216","2287",36400,36,615,0.0464305251641138,"drive_car",7.96956043956044,0.243461538461538,8862
"217","2289",19117,39,727,0.0361170871634396,"drive_car",8.2614950044463,0.247109902181305,4724
"218","2290",33426,40,647,0.0353995353810981,"drive_car",8.02940824507868,0.226889247890863,7584
"219","2291",13417,39,890,0.0272004337610699,"drive_car",8.66803309234553,0.251695610046955,3377
"220","2292",2465,35,710,0.0483711747285291,"drive_car",8.3789046653144,0.260851926977688,643
"221","2293",2521,36,814,0.0401276789785682,"drive_car",8.92026973423245,0.32487108290361,819
"222","2294",1929,35,743,0.0490018148820327,"drive_car",8.56868843960601,0.258683255572836,499
"223","2295",6925,50,601,0.0322417285617826,"drive_car",7.53660649819495,0.207364620938628,1436
"224","2296",1883,34,763,0.0517456359102244,"drive_car",8.67657992565056,0.290493892724376,547
"225","2297",1680,37,666,0.0402046783625731,"drive_car",8.12619047619048,0.273214285714286,459
"226","2298",9498,36,585,0.0525796099728462,"drive_car",8.13529164034534,0.226152874289324,2148
"227","2299",11207,33,533,0.057012294636057,"drive_car",8.26304987953957,0.233068617828143,2612
"228","2300",10578,37,929,0.036668412781561,"drive_car",9.23681225184345,0.272263187748157,2880
"229","2302",564,35,784,0.0585009140767824,"drive_car",9.20567375886525,0.588652482269504,332
"230","2303",9143,41,669,0.0443844075646469,"drive_car",8.34627583944001,0.245871158263152,2248
"231","2304",15176,37,617,0.0511328367473619,"drive_car",8.18245914602003,0.223972061149183,3399
"232","2305",12506,40,749,0.0352823588205897,"drive_car",8.28570286262594,0.230689269150808,2885
"233","2306",3358,38,405,0.0663362561951963,"drive_car",6.32072662298988,0.196843359142347,661
"234","2307",3905,33,497,0.047808764940239,"drive_car",8.24507042253521,0.232522407170294,908
"235","2308",1326,20,169,0.154600301659125,"drive_car",11.3770739064857,0.17420814479638,231
"236","2311",858,47,535,0.0284900284900285,"drive_car",7.48368298368298,0.153846153846154,132
"237","2312",1458,47,474,0.0459574468085106,"drive_car",7.35733882030178,0.169410150891632,247
"238","2315",14658,51,573,0.0347311139564661,"drive_car",7.97100559421476,0.164210669941329,2407
"239","2316",5849,46,535,0.0337768679631525,"drive_car",7.712087536331,0.186869550350487,1093
"240","2317",6244,52,548,0.0314811302863645,"drive_car",7.9168802049968,0.135970531710442,849
"241","2318",12147,39,666,0.0330327181208054,"drive_car",7.57018193792706,0.227463571252161,2763
"242","2319",6684,49,483,0.0402037474986356,"drive_car",7.56852184320766,0.154398563734291,1032
"243","2320",34556,36,647,0.0444973584344073,"drive_car",7.48874291005903,0.268115522629934,9265
"244","2321",14625,36,687,0.0374416350982292,"drive_car",7.64895726495727,0.314119658119658,4594
"245","2322",18450,37,620,0.0488858416181008,"drive_car",7.64981029810298,0.312086720867209,5758
"246","2323",25735,38,622,0.04513110439614,"drive_car",7.73771128812901,0.20423547697688,5256
"247","2324",23648,45,538,0.043842947563423,"drive_car",7.61785351826793,0.183651894451962,4343
"248","2325",28460,39,514,0.0462286039486933,"drive_car",6.99290231904427,0.221574139142656,6306
"249","2326",7332,39,494,0.0524961399897066,"drive_car",7.15711947626841,0.241953082378614,1774
"250","2327",7615,41,496,0.0498397435897436,"drive_car",7.28181221273802,0.221930400525279,1690
"251","2328",2442,41,625,0.0231481481481481,"drive_car",7.19041769041769,0.188370188370188,460
"252","2329",2112,44,524,0.0290284360189573,"drive_car",6.859375,0.133996212121212,283
"253","2330",20350,36,669,0.0410529614540896,"drive_car",7.37036855036855,0.233955773955774,4761
"254","2333",13647,34,632,0.0538146490141918,"drive_car",6.97603868982194,0.213526782443028,2914
"255","2334",2830,33,598,0.0537482319660538,"drive_car",6.99363957597173,0.28339222614841,802
"256","2335",6156,35,716,0.0337938363443146,"drive_car",7.31010396361274,0.308317089018843,1898
"257","2336",2614,39,658,0.0315994166261546,"drive_car",7.06465187452181,0.153404743687835,401
"258","2337",7891,39,686,0.0245388933440257,"drive_car",7.21556203269548,0.151565074135091,1196
"259","2338",1430,48,490,0.0319059613769941,"drive_car",7.38181818181818,0.0986013986013986,141
"260","2339",679,44,571,0.0256410256410256,"drive_car",6.70544918998527,0.131075110456554,89
"261","2340",49072,38,660,0.034876837147049,"drive_car",7.39448157808934,0.208876752526899,10250
"262","2341",1572,49,453,0.0443425076452599,"drive_car",6.73664122137405,0.107506361323155,169
"263","2342",471,46,634,0.0160427807486631,"drive_car",7.4140127388535,0.148619957537155,70
"264","2343",4968,44,569,0.0374782824522214,"drive_car",7.34440418679549,0.117351046698873,583
"265","2344",756,45,711,0.00825082508250825,"drive_car",7.39153439153439,0.10978835978836,83
"266","2345",721,43,638,0.0320404721753794,"drive_car",7.57836338418863,0.160887656033287,116
"267","2346",3149,47,464,0.0362934362934363,"drive_car",6.93267704033026,0.0908224833280406,286
"268","2347",1931,53,450,0.0296296296296296,"drive_car",6.96892801657172,0.0932159502848265,180
"269","2350",25339,37,606,0.0407171663184491,"drive_car",8.03757054343107,0.168791191444019,4277
"270","2352",2716,41,628,0.0290534208059981,"drive_car",7.47864506627393,0.186303387334315,506
"271","2353",1126,52,532,0.021505376344086,"drive_car",7.0639431616341,0.178507992895204,201
"272","2354",3576,47,579,0.0193679918450561,"drive_car",7.31180089485459,0.092841163310962,332
"273","2355",663,50,486,0.0335689045936396,"drive_car",7.06636500754148,0.104072398190045,69
"274","2356",162,46,417,0.0827067669172932,"drive_car",6.40740740740741,0.111111111111111,18
"275","2357",4159,49,490,0.0345332162715833,"drive_car",7.37292618417889,0.135609521519596,564
"276","2358",3767,47,530,0.0329138431752178,"drive_car",7.60950358375365,0.0974250066365808,367
"277","2359",736,46,423,0.0399334442595674,"drive_car",7.03532608695652,0.0747282608695652,55
"278","2360",14529,41,529,0.0380369156460238,"drive_car",7.16807763782779,0.161607818845068,2348
"279","2361",909,50,425,0.036144578313253,"drive_car",6.81848184818482,0.0616061606160616,56
"280","2365",3721,44,549,0.031628532974428,"drive_car",7.23327062617576,0.133297500671862,496
"281","2369",927,45,409,0.072,"drive_car",6.34735706580367,0.199568500539374,185
"282","2370",7687,46,484,0.0367321089297023,"drive_car",6.99596721737999,0.116170157408612,893
"283","2371",1155,55,430,0.0491159135559921,"drive_car",7.48744588744589,0.0770562770562771,89
"284","2372",4742,53,473,0.0328320802005013,"drive_car",7.31400253057781,0.0533530156052299,253
"285","2379",313,44,618,0.046692607003891,"drive_car",7.20766773162939,0.0990415335463259,31
"286","2380",10392,39,628,0.031982421875,"drive_car",7.12961893764434,0.210931485758276,2192
"287","2381",1193,44,514,0.0391752577319588,"drive_car",7.26906957250629,0.158424140821459,189
"288","2382",1319,42,572,0.0327408793264733,"drive_car",6.82410917361638,0.164518574677786,217
"289","2386",360,43,556,0.0145454545454545,"drive_car",6.61666666666667,0.0777777777777778,28
"290","2387",201,41,565,0.062111801242236,"drive_car",7.01492537313433,0.129353233830846,26
"291","2388",2674,39,588,0.0370009737098345,"drive_car",6.41062079281975,0.119296933433059,319
"292","2390",8757,40,655,0.033886085075703,"drive_car",7.11487952495147,0.13189448441247,1155
"293","2395",671,55,393,0.0488215488215488,"drive_car",7.47540983606557,0.0819672131147541,55
"294","2396",857,49,460,0.0436005625879044,"drive_car",7.14935822637106,0.105017502917153,90
"295","2397",377,37,713,0.0242214532871972,"drive_car",6.81697612732096,0.114058355437666,43
"296","2398",236,43,710,0.0364583333333333,"drive_car",7.8771186440678,0.122881355932203,29
"297","2399",597,42,657,0.0127931769722814,"drive_car",6.51926298157454,0.14070351758794,84
"298","2400",10084,38,698,0.0369716088328076,"drive_car",6.78976596588655,0.192284807616025,1939
"299","2401",321,43,578,0.0237154150197628,"drive_car",6.90965732087227,0.0841121495327103,27
"300","2402",1792,47,474,0.0293715846994536,"drive_car",6.79185267857143,0.08203125,147
"301","2403",718,43,460,0.0362976406533575,"drive_car",6.65181058495822,0.11142061281337,80
"302","2404",1838,54,463,0.0215326155794807,"drive_car",7.13492927094668,0.0712731229597389,131
"303","2405",514,42,741,0.00740740740740741,"drive_car",7.06225680933852,0.0797665369649805,41
"304","2406",823,36,671,0.039344262295082,"drive_car",6.51275820170109,0.103280680437424,85
"305","2408",376,37,815,0.0136986301369863,"drive_car",7.3218085106383,0.0452127659574468,17
"306","2409",1030,31,386,0.0666666666666667,"drive_car",6.19902912621359,0.102912621359223,106
"307","2410",278,45,452,0.0358744394618834,"drive_car",6.8705035971223,0.0899280575539568,25
"308","2411",120,35,691,0,"drive_car",7.35833333333333,0.0916666666666667,11
"309","2415",390,46,476,0.0380952380952381,"drive_car",7.72051282051282,0.146153846153846,57
"310","2420",4023,48,524,0.0290245362058648,"drive_car",7.42107879691772,0.144668158090977,582
"311","2421",1828,41,653,0.0317460317460317,"drive_car",7.86378555798687,0.212800875273523,389
"312","2422",5338,52,478,0.0343443354148082,"drive_car",7.50337204945673,0.105470213563132,563
"313","2423",2964,53,454,0.0315420560747664,"drive_car",7.54385964912281,0.144736842105263,429
"314","2424",425,48,437,0.0751445086705202,"drive_car",6.82588235294118,0.110588235294118,47
"315","2425",1780,46,516,0.036036036036036,"drive_car",7.56404494382022,0.16123595505618,287
"316","2426",720,50,455,0.0622895622895623,"drive_car",7.07361111111111,0.151388888888889,109
"317","2427",3114,61,439,0.0362473347547974,"drive_car",8.20199100834939,0.129736673089274,404
"318","2428",24009,56,477,0.0338150289017341,"drive_car",7.74930234495398,0.130867591319922,3142
"319","2429",9717,50,475,0.0417950930834669,"drive_car",7.53576206648142,0.147885149737573,1437
"320","2430",34018,48,482,0.0439595643197836,"drive_car",7.53750955376565,0.192104180139926,6535
"321","2431",5133,56,480,0.0305549314760728,"drive_car",7.85135398402494,0.131112409896747,673
"322","2439",2941,50,496,0.0323637853338796,"drive_car",7.56103366201972,0.198231893913635,583
"323","2440",21819,45,474,0.0386384028712427,"drive_car",6.83509785049727,0.168385352215959,3674
"324","2441",4345,47,474,0.0455555555555556,"drive_car",7.4800920598389,0.156962025316456,682
"325","2443",8894,59,458,0.0343559837728195,"drive_car",7.78097593883517,0.110973690128176,987
"326","2444",46284,47,572,0.032518850568756,"drive_car",7.93745138708841,0.190173710137412,8802
"327","2445",6466,49,531,0.0297196261682243,"drive_car",8.15218063717909,0.176152180637179,1139
"328","2446",13330,44,529,0.0353676745054125,"drive_car",7.35948987246812,0.193998499624906,2586
"329","2447",7178,49,488,0.0382985934587358,"drive_car",7.45179715798272,0.127054889941488,912
"330","2448",9000,54,463,0.0376917078242787,"drive_car",7.62288888888889,0.116111111111111,1045
"331","2449",2188,47,431,0.0406549971767363,"drive_car",7.23674588665448,0.11654478976234,255
"332","2450",43894,44,578,0.0369482835488185,"drive_car",7.62794459379414,0.157880348111359,6930
"333","2452",15120,44,552,0.0459536396909313,"drive_car",7.77050264550265,0.141335978835979,2137
"334","2453",2768,52,476,0.0340425531914894,"drive_car",7.8753612716763,0.0708092485549133,196
"335","2454",7570,45,528,0.0372568414111441,"drive_car",7.83183619550859,0.136195508586526,1031
"336","2455",3000,54,501,0.0371789957838252,"drive_car",7.881,0.113,339
"337","2456",14749,44,544,0.0400232500207589,"drive_car",7.73706691979117,0.175469523357516,2588
"338","2460",29216,45,486,0.0460877544210878,"drive_car",7.34484529025192,0.148138006571742,4328
"339","2462",2443,52,457,0.0482392667631452,"drive_car",7.55300859598854,0.109291854277528,267
"340","2463",7545,52,465,0.0347962382445141,"drive_car",7.7870112657389,0.0995361166335321,751
"341","2464",6738,55,494,0.0285811500510378,"drive_car",8.12986049272781,0.120362125259721,811
"342","2465",291,49,443,0.0438247011952191,"drive_car",7.9553264604811,0.103092783505155,30
"343","2466",1730,62,428,0.0246433203631647,"drive_car",7.82312138728324,0.0734104046242775,127
"344","2469",4012,53,430,0.0377521613832853,"drive_car",7.41650049850449,0.0892323030907278,358
"345","2470",15225,43,495,0.0402303578774167,"drive_car",7.07172413793103,0.125254515599343,1907
"346","2471",2524,43,480,0.03125,"drive_car",6.94849445324881,0.0966719492868463,244
"347","2472",1857,46,510,0.0395256916996047,"drive_car",7.19386106623586,0.0915455035002693,170
"348","2473",3088,53,498,0.0309901738473167,"drive_car",7.73089378238342,0.106865284974093,330
"349","2474",6332,50,463,0.0403926009815025,"drive_car",7.46036007580543,0.105811749842072,670
"350","2475",383,50,397,0.0344827586206897,"drive_car",6.73629242819843,0.0469973890339426,18
"351","2476",778,50,457,0.0598159509202454,"drive_car",7.7866323907455,0.0745501285347044,58
"352","2477",12203,47,594,0.0321675518589037,"drive_car",7.8910923543391,0.121691387363763,1485
"353","2478",28310,48,602,0.0305818105440034,"drive_car",7.97940657011657,0.162522077004592,4601
"354","2479",4730,45,659,0.0238218539616779,"drive_car",7.98752642706131,0.208033826638478,984
"355","2480",44599,43,551,0.0429176342029777,"drive_car",7.75322316643871,0.120428709163883,5371
"356","2481",11769,43,644,0.0330809087285771,"drive_car",7.89897187526553,0.316339536069335,3723
"357","2482",6280,46,511,0.0379968823070927,"drive_car",7.47133757961783,0.196496815286624,1234
"358","2483",10609,45,560,0.0427078600636075,"drive_car",7.94617777358846,0.172400791780564,1829
"359","2484",18872,46,505,0.0374660282127605,"drive_car",7.52983255616787,0.131464603645613,2481
"360","2485",14373,53,513,0.0385951065509077,"drive_car",7.95373269324428,0.177624713003548,2553
"361","2486",31594,48,530,0.0340079753216462,"drive_car",7.99069443565234,0.169209343546243,5346
"362","2487",13436,45,616,0.0328899416909621,"drive_car",7.76726704376302,0.17192616850253,2310
"363","2488",3261,42,605,0.0469050365244137,"drive_car",7.77828886844526,0.185832566697332,606
"364","2489",7353,42,556,0.0338299737072743,"drive_car",7.51489188086495,0.162518699850401,1195
"365","2490",666,44,591,0.03125,"drive_car",7.82732732732733,0.144144144144144,96
"366","2500",40510,33,555,0.0520354283767672,"drive_car",8.67257467292027,0.26632930140706,10789
"367","2502",12438,40,446,0.0498405103668262,"drive_car",6.89572278501367,0.258160475960765,3211
"368","2505",5014,43,479,0.0528581679024157,"drive_car",7.32010370961308,0.238731551655365,1197
"369","2506",7605,39,479,0.0461038961038961,"drive_car",7.3844838921762,0.27034845496384,2056
"370","2508",8975,38,835,0.0247545881348698,"drive_car",7.96791086350975,0.240222841225627,2156
"371","2515",11112,42,826,0.0282805429864253,"drive_car",8.32604391648668,0.220122390208783,2446
"372","2516",6105,38,765,0.0285895806861499,"drive_car",7.89303849303849,0.253890253890254,1550
"373","2517",13731,41,668,0.0281600291624897,"drive_car",7.93853324593984,0.216808681086592,2977
"374","2518",19067,41,569,0.0381563075360295,"drive_car",7.96124193632978,0.239104211464835,4559
"375","2519",16929,40,575,0.0372139445355386,"drive_car",8.19829877724615,0.226298068403332,3831
"376","2525",11564,40,645,0.0353562574108009,"drive_car",8.09711172604635,0.26089588377724,3017
"377","2526",15630,40,611,0.0360743541272842,"drive_car",7.84753678822777,0.273512476007678,4275
"378","2527",21383,37,613,0.0376890359168242,"drive_car",7.58181733152504,0.315718093812842,6751
"379","2528",23774,44,489,0.0430227827502034,"drive_car",7.42369815765122,0.221754858248507,5272
"380","2529",26025,39,641,0.0378692493946731,"drive_car",7.80096061479347,0.272007684918348,7079
"381","2530",32019,39,577,0.0395303326810176,"drive_car",7.75536400262344,0.256316562041288,8207
"382","2533",15627,47,681,0.0266891632793926,"drive_car",8.4064759710757,0.204709797145965,3199
"383","2534",5709,46,695,0.0184791843670348,"drive_car",7.86652653704677,0.201961814678578,1153
"384","2535",7338,56,597,0.0145408566461198,"drive_car",8.24325429272281,0.163941128372854,1203
"385","2536",17716,52,514,0.0369384359400998,"drive_car",7.74960487694739,0.131180853465794,2324
"386","2537",11812,54,525,0.0268357416691242,"drive_car",8.14383677615984,0.119793430409753,1415
"387","2538",2397,54,546,0.0198511166253102,"drive_car",7.3700458906967,0.156862745098039,376
"388","2539",17979,53,487,0.0299436508976543,"drive_car",7.94543634239947,0.162244841203626,2917
"389","2540",45121,48,510,0.0307887301629215,"drive_car",7.6636377739855,0.15879523946721,7165
"390","2541",25641,42,506,0.039327731092437,"drive_car",7.32740532740533,0.214227214227214,5493
"391","2545",1044,52,490,0.0353200883002208,"drive_car",8.33812260536398,0.103448275862069,108
"392","2546",9121,58,491,0.0222194325885011,"drive_car",7.97631838614187,0.108760004385484,992
"393","2548",7734,55,568,0.0242352593468302,"drive_car",8.33695371088699,0.10822342901474,837
"394","2549",3785,49,561,0.0188739603326935,"drive_car",7.74240422721268,0.111756935270806,423
"395","2550",15858,48,542,0.0286612000919611,"drive_car",7.70752932273931,0.132236095346198,2097
"396","2551",3501,52,481,0.0317460317460317,"drive_car",7.33533276206798,0.106255355612682,372
"397","2555",225,37,571,0.0235294117647059,"drive_car",6.56888888888889,0.133333333333333,30
"398","2556",2507,39,610,0.0318003913894325,"drive_car",7.6286398085361,0.184284004786598,462
"399","2557",8952,31,784,0.0256968641114983,"drive_car",7.31992850759607,0.569593386952636,5099
"400","2558",11114,34,698,0.0404885772449672,"drive_car",8.03077199928019,0.257153140183552,2858
"401","2559",3069,24,403,0.0759675107501194,"drive_car",5.24861518409906,0.276311502117954,848
"402","2560",76521,34,633,0.0454402176617947,"drive_car",7.6772650644921,0.264672442858823,20253
"403","2563",307,36,592,0.05,"drive_car",7.33876221498371,0.162866449511401,50
"404","2564",13924,35,521,0.0568055039047973,"drive_car",7.34544671071531,0.243823613904051,3395
"405","2565",19987,34,669,0.0462595323627655,"drive_car",7.95206884474909,0.39395607144644,7874
"406","2566",26327,34,643,0.0450599020226027,"drive_car",7.81885516769856,0.26888745394462,7079
"407","2567",38500,33,809,0.0341806344369026,"drive_car",7.71584415584416,0.261324675324675,10061
"408","2568",1150,50,616,0.01001001001001,"drive_car",7.8895652173913,0.197391304347826,227
"409","2569",1362,42,732,0.0247252747252747,"drive_car",7.784140969163,0.21071953010279,287
"410","2570",40104,35,825,0.0232423009877978,"drive_car",7.69122780769998,0.379887293038101,15235
"411","2571",11850,36,814,0.0249176728869374,"drive_car",7.69037974683544,0.266835443037975,3162
"412","2572",4477,41,659,0.0304214345520514,"drive_car",7.41523341523342,0.28545901273174,1278
"413","2573",5067,37,640,0.0357412534608608,"drive_car",7.32583382672193,0.280639431616341,1422
"414","2574",5741,39,650,0.02763041556145,"drive_car",7.52046681762759,0.2314927712942,1329
"415","2575",15476,42,641,0.0226038338658147,"drive_car",7.80091754975446,0.224670457482554,3477
"416","2576",13431,53,668,0.018909605018998,"drive_car",8.5036110490656,0.154567790931427,2076
"417","2577",15414,45,645,0.0191652807476043,"drive_car",7.90469702867523,0.181069157908395,2791
"418","2578",2689,56,580,0.0203111495246327,"drive_car",8.52621792487914,0.141688359985125,381
"419","2579",4029,47,584,0.0269277845777234,"drive_car",7.7969719533383,0.156614544551998,631
"420","2580",29224,42,632,0.0344051044664081,"drive_car",7.39878182315905,0.167294004927457,4889
"421","2581",2095,43,774,0.0199034981905911,"drive_car",7.80143198090692,0.164200477326969,344
"422","2582",12442,42,842,0.0201485702655948,"drive_car",7.75606815624498,0.161549590098055,2010
"423","2583",4382,51,561,0.0209580838323353,"drive_car",7.43245093564582,0.130305796439982,571
"424","2584",543,44,641,0.020979020979021,"drive_car",7.51012891344383,0.103130755064457,56
"425","2585",224,45,496,0.0411764705882353,"drive_car",7.16517857142857,0.138392857142857,31
"426","2586",2619,48,548,0.0267938237965486,"drive_car",7.75677739595265,0.0935471554028255,245
"427","2587",2917,49,516,0.025384935497295,"drive_car",7.28659581762084,0.101474117243744,296
"428","2588",260,52,690,0.0321100917431193,"drive_car",8.05,0.0692307692307692,18
"429","2590",7093,49,521,0.0292169186342789,"drive_car",7.57902157056253,0.105456083462569,748
"430","2594",11672,41,542,0.0316269970655364,"drive_car",7.17212131596984,0.173320767649075,2023
"431","2619",9508,36,1221,0.0257368202573682,"drive_car",8.20056794278502,0.177008834665545,1683
"432","2620",39289,37,903,0.0281523465479119,"drive_car",7.92466084654738,0.194507368474637,7642
"433","2621",6056,39,1074,0.0214665249734325,"drive_car",7.92536327608983,0.155217965653897,940
"434","2622",3922,49,606,0.0207380298871607,"drive_car",7.64048954614992,0.111932687404386,439
"435","2623",610,38,827,0.0418410041841004,"drive_car",7.53606557377049,0.139344262295082,85
"436","2625",389,38,959,0,"walk",7.05912596401028,0.210796915167095,82
"437","2626",500,43,743,0.0367647058823529,"drive_car",7.704,0.126,63
"438","2627",4622,37,795,0.0124076029567054,"drive_car",8.23734314149719,0.209649502379922,969
"439","2628",1912,45,625,0.0168284789644013,"drive_car",7.89644351464435,0.142782426778243,273
"440","2629",529,57,529,0.019271948608137,"drive_car",7.74858223062382,0.132325141776938,70
"441","2630",8691,45,623,0.02456429257582,"drive_car",7.54838338511103,0.111379588079623,968
"442","2631",570,50,524,0.023109243697479,"drive_car",7.69122807017544,0.133333333333333,76
"443","2632",1834,47,597,0.0199468085106383,"drive_car",7.38331515812432,0.110141766630316,202
"444","2633",379,56,496,0.0421686746987952,"drive_car",7.8311345646438,0.129287598944591,49
"445","2640",36343,39,692,0.0367321950887695,"drive_car",7.87012629667336,0.171504828990452,6233
"446","2641",15070,40,544,0.048956141770513,"drive_car",7.46874585268746,0.173523556735236,2615
"447","2642",4793,42,657,0.0264721772015127,"drive_car",7.32171917379512,0.162737325266013,780
"448","2643",2777,47,534,0.0241864555848725,"drive_car",7.3024846957148,0.13035649981995,362
"449","2644",2403,48,594,0.0215827338129496,"drive_car",7.42821473158552,0.110694964627549,266
"450","2645",402,51,532,0.0118694362017804,"drive_car",6.63681592039801,0.0870646766169154,35
"451","2646",6758,48,573,0.0289337381675299,"drive_car",7.47084936371708,0.106392423794022,719
"452","2647",2161,52,557,0.0185792349726776,"drive_car",7.65062471078205,0.15733456732994,340
"453","2648",2369,52,496,0.0337738619676946,"drive_car",7.10004221190376,0.13507809202195,320
"454","2649",26,48,450,0,"drive_car",8.80769230769231,0.230769230769231,6
"455","2650",56974,36,696,0.0353437237847146,"drive_car",7.75313300803875,0.190297328606031,10842
"456","2651",2274,28,781,0.028,"drive_car",7.64423922603342,0.252418645558487,574
"457","2652",4583,42,638,0.0199945220487538,"drive_car",7.1885228016583,0.153174776347371,702
"458","2653",2537,46,588,0.0235737859500236,"drive_car",6.94324004729996,0.161608198659834,410
"459","2655",1336,45,609,0.0282220131702728,"drive_car",7.1377245508982,0.158682634730539,212
"460","2656",1272,48,571,0.021379980563654,"drive_car",7.40801886792453,0.132861635220126,169
"461","2658",1433,46,504,0.0233183856502242,"drive_car",7.02791346824843,0.123517096999302,177
"462","2659",893,42,517,0.0443490701001431,"drive_car",7.29115341545353,0.106382978723404,95
"463","2660",1610,42,551,0.0207501995211492,"drive_car",7.09254658385093,0.117391304347826,189
"464","2661",633,22,779,0,"other",8.39336492890995,0.864139020537125,547
"465","2663",5186,38,584,0.023759608665269,"drive_car",5.86058619359815,0.156575395295025,812
"466","2665",2226,46,540,0.0231900452488688,"drive_car",6.86298292902066,0.136118598382749,303
"467","2666",5673,46,550,0.0256856769699608,"drive_car",7.38780186849991,0.118632117045655,673
"468","2668",459,42,430,0.0536723163841808,"drive_car",6.73856209150327,0.093681917211329,43
"469","2669",1654,45,599,0.014525993883792,"drive_car",6.98307134220073,0.107617896009674,178
"470","2671",4112,42,593,0.0197929354445798,"drive_car",6.83146887159533,0.171449416342412,705
"471","2672",1576,37,497,0.0399022801302932,"drive_car",6.46763959390863,0.160532994923858,253
"472","2675",1562,39,656,0.0227987421383648,"drive_car",7.14340588988476,0.121638924455826,190
"473","2678",340,20,198,0.0933734939759036,"drive_car",11.5882352941176,0.308823529411765,105
"474","2680",23940,37,676,0.0292271168557109,"drive_car",6.97861319966583,0.230367585630744,5515
"475","2681",1732,41,660,0.0250552689756817,"drive_car",7.02886836027714,0.176674364896074,306
"476","2700",4922,44,568,0.0324120603015075,"drive_car",6.80130028443722,0.172694026818367,850
"477","2701",2388,42,664,0.0290166577109081,"drive_car",6.95268006700168,0.124790619765494,298
"478","2702",779,47,495,0.0574712643678161,"drive_car",6.76636713735558,0.196405648267009,153
"479","2703",984,18,352,0.0260631001371742,"drive_car",6.28556910569106,0.0894308943089431,88
"480","2705",10153,41,632,0.029951929002835,"drive_car",7.04648872254506,0.162415049738993,1649
"481","2706",1162,41,628,0.0391730141458107,"drive_car",6.57487091222031,0.167814113597246,195
"482","2707",1348,39,701,0.0181124880838894,"drive_car",7.20994065281899,0.140207715133531,189
"483","2710",10123,46,580,0.0273610944437777,"drive_car",7.29378642694853,0.0998715795712733,1011
"484","2711",3360,45,606,0.0260021668472373,"drive_car",7.13482142857143,0.108333333333333,364
"485","2712",1356,51,501,0.028770706190061,"drive_car",7.21681415929203,0.129793510324484,176
"486","2713",2797,47,549,0.0240384615384615,"drive_car",7.16553450125134,0.125849124061494,352
"487","2714",2769,55,484,0.0186389250108366,"drive_car",7.43661971830986,0.114481762369086,317
"488","2715",1477,44,581,0.0385906040268456,"drive_car",6.87813134732566,0.132024373730535,195
"489","2716",1102,47,608,0.0196936542669584,"drive_car",7.04990925589837,0.0871143375680581,96
"490","2717",1330,44,436,0.0358785648574057,"drive_car",6.37894736842105,0.206015037593985,274
"491","2720",8012,44,588,0.0315919247958083,"drive_car",7.12431352970544,0.121942086869695,977
"492","2721",240,48,507,0.0155440414507772,"drive_car",6.7625,0.104166666666667,25
"493","2722",3207,44,561,0.0259388308168796,"drive_car",7.22918615528531,0.101028999064546,324
"494","2725",374,50,453,0.0132450331125828,"drive_car",7.27540106951872,0.0641711229946524,24
"495","2726",222,48,643,0.0160427807486631,"drive_car",7.83783783783784,0.166666666666667,37
"496","2727",350,38,684,0.0264150943396226,"drive_car",7.08857142857143,0.154285714285714,54
"497","2729",1696,44,570,0.0299177262528048,"drive_car",7.2623820754717,0.106721698113208,181
"498","2730",1391,50,525,0.0251677852348993,"drive_car",7.49820273184759,0.112868439971244,157
"499","2731",6410,46,591,0.0204468004543733,"drive_car",7.63400936037441,0.12792511700468,820
"500","2732",1776,55,518,0.0150622134905043,"drive_car",7.63288288288288,0.0777027027027027,138
"501","2733",545,50,559,0.00683371298405467,"drive_car",7.17981651376147,0.0660550458715596,36
"502","2734",456,48,665,0.018716577540107,"drive_car",7.69517543859649,0.100877192982456,46
"503","2735",448,45,420,0.0537634408602151,"drive_car",7.04464285714286,0.0892857142857143,40
"504","2736",377,48,549,0.0215384615384615,"drive_car",7.05570291777188,0.111405835543767,42
"505","2737",839,35,671,0.0191693290734824,"drive_car",6.16448152562575,0.177592371871275,149
"506","2738",1667,39,740,0.0228346456692913,"drive_car",7.38932213557289,0.224355128974205,374
"507","2739",1401,40,600,0.0372050816696915,"drive_car",7.03711634546752,0.176302640970735,247
"508","2745",29504,33,858,0.0285193905201901,"drive_car",7.79734951193059,0.263659164859002,7779
"509","2747",42421,33,726,0.040741636924566,"drive_car",7.67280356427241,0.328893708304849,13952
"510","2748",1877,43,710,0.029504080351538,"drive_car",8.18433670751199,0.193926478423015,364
"511","2749",16930,32,779,0.0334737648410571,"drive_car",7.65109273479031,0.256054341405789,4335
"512","2750",44806,37,702,0.0362290826752085,"drive_car",7.83439717894925,0.258135071195822,11566
"513","2752",4918,36,776,0.0280884265279584,"drive_car",7.63338755591704,0.256608377389183,1262
"514","2753",17134,39,674,0.0312343291066695,"drive_car",7.76502859810902,0.207423835648418,3554
"515","2754",5693,40,679,0.0275070392029456,"drive_car",7.99402775338135,0.25926576497453,1476
"516","2756",33932,35,749,0.0275036583993096,"drive_car",7.63058469880938,0.214075209242013,7264
"517","2757",852,43,737,0.0202898550724638,"drive_car",7.79460093896714,0.205399061032864,175
"518","2758",8715,43,788,0.0238264076017586,"drive_car",7.96580608146873,0.166953528399312,1455
"519","2759",26332,34,757,0.0350491834590775,"drive_car",7.9978353334346,0.254329333130791,6697
"520","2760",33834,33,656,0.0491516396560907,"drive_car",7.32230892002128,0.314831234852515,10652
"521","2761",30952,32,707,0.0464377936756551,"drive_car",7.84466270354097,0.321497803049884,9951
"522","2762",4983,32,822,0.0364264823185323,"drive_car",7.67148304234397,1.17098133654425,5835
"523","2763",30880,33,788,0.0429028995279838,"drive_car",8.09870466321244,0.27755829015544,8571
"524","2765",16106,37,695,0.0271362146505069,"drive_car",7.10263255929467,0.738917173724078,11901
"525","2766",15534,35,639,0.0437873646792697,"drive_car",7.96053817432728,0.303463370670787,4714
"526","2767",22530,34,653,0.0481184454040716,"drive_car",8.0607190412783,0.288193519751443,6493
"527","2768",28762,34,821,0.039371860433543,"drive_car",7.95497531465128,0.260447813086712,7491
"528","2769",11731,32,1033,0.0326781623055589,"drive_car",7.68664222998892,0.355042195891228,4165
"529","2770",61296,31,489,0.0597018164456694,"drive_car",6.90844427042548,0.291421952492822,17863
"530","2773",6010,43,844,0.0214698596201486,"drive_car",8.53094841930116,0.193843594009983,1165
"531","2774",12932,40,797,0.0271850336159018,"drive_car",8.39924218991649,0.204067429631921,2639
"532","2775",1498,51,575,0.0265151515151515,"drive_car",7.20961281708945,0.095460614152203,143
"533","2776",4025,40,792,0.0272556390977444,"drive_car",8.4,0.177391304347826,714
"534","2777",17601,43,741,0.0243594243594244,"drive_car",8.39730697119482,0.190386909834668,3351
"535","2778",2432,45,708,0.037332005973121,"drive_car",8.64021381578947,0.147203947368421,358
"536","2779",4974,40,678,0.0260712441920496,"drive_car",8.18556493767591,0.164053075995175,816
"537","2780",13224,48,568,0.034750396895396,"drive_car",8.44328493647913,0.134225650332728,1775
"538","2782",6076,50,631,0.0283687943262411,"drive_car",8.49423963133641,0.14137590520079,859
"539","2783",2614,45,636,0.0332552693208431,"drive_car",8.24827850038256,0.148431522570773,388
"540","2784",1230,43,618,0.0231388329979879,"drive_car",8.43983739837398,0.161788617886179,199
"541","2785",4543,51,604,0.026356993736952,"drive_car",8.53268765133172,0.136913933524103,622
"542","2786",1288,47,534,0.0376146788990826,"drive_car",7.83385093167702,0.0970496894409938,125
"543","2787",4448,45,599,0.0317159121713201,"drive_car",7.13781474820144,0.120053956834532,534
"544","2790",15767,45,518,0.0368852459016393,"drive_car",7.24887423098877,0.174605188050993,2753
"545","2791",343,55,476,0.0266666666666667,"drive_car",8.0932944606414,0.102040816326531,35
"546","2792",384,48,558,0.03125,"drive_car",7.6875,0.0989583333333333,38
"547","2793",976,53,450,0.0367298578199052,"drive_car",7.48975409836066,0.101434426229508,99
"548","2794",10428,46,519,0.0345350600863377,"drive_car",7.3078250863061,0.12993862677407,1355
"549","2795",42550,37,647,0.0346279831539541,"drive_car",7.53501762632197,0.214806110458284,9140
"550","2797",426,45,589,0.0203488372093023,"drive_car",7.54225352112676,0.117370892018779,50
"551","2798",2101,40,786,0.0261646458200383,"drive_car",7.33269871489767,0.170871013802951,359
"552","2799",4121,41,566,0.0400363967242948,"drive_car",7.25794710021839,0.193642319825285,798
"553","2800",44993,37,677,0.0360948585318975,"drive_car",7.51490231813838,0.230502522614629,10371
"554","2803",281,54,542,0.0203252032520325,"drive_car",7.62277580071174,0.0889679715302491,25
"555","2804",2668,46,530,0.0285714285714286,"drive_car",7.26724137931035,0.133808095952024,357
"556","2805",399,47,464,0.0126582278481013,"drive_car",6.90225563909774,0.105263157894737,42
"557","2806",779,51,566,0.0196969696969697,"drive_car",7.57766367137356,0.120667522464698,94
"558","2807",427,53,457,0.0277777777777778,"drive_car",6.87587822014051,0.121779859484778,52
"559","2808",182,57,452,0.023121387283237,"drive_car",7.66483516483517,0.0934065934065934,17
"560","2809",240,51,523,0.0304568527918782,"drive_car",6.34583333333333,0.0791666666666667,19
"561","2810",3150,50,493,0.0240641711229947,"drive_car",7.48984126984127,0.0749206349206349,236
"562","2817",287,48,561,0.0122950819672131,"drive_car",7.70383275261324,0.048780487804878,14
"563","2818",871,41,702,0.0343796711509716,"drive_car",7.09644087256028,0.154994259471871,135
"564","2820",7316,42,481,0.0412456518138148,"drive_car",6.22170585019136,0.135593220338983,992
"565","2821",4810,41,591,0.0417447150120417,"drive_car",6.98898128898129,0.141372141372141,680
"566","2822",410,50,513,0.037037037037037,"drive_car",7.63658536585366,0.178048780487805,73
"567","2823",1425,44,595,0.0333625987708516,"drive_car",6.99368421052632,0.0814035087719298,116
"568","2824",2183,43,629,0.0453241537578887,"drive_car",6.95831424644984,0.100778744846541,220
"569","2825",2383,40,644,0.0274841437632135,"drive_car",7.08938313050776,0.148971884179606,355
"570","2826",201,46,774,0.0397350993377483,"drive_car",7.57213930348259,0.109452736318408,22
"571","2827",3691,45,530,0.0336106489184692,"drive_car",7.08398807911135,0.10430777567055,385
"572","2828",831,44,481,0.0429447852760736,"drive_car",6.46450060168472,0.110709987966306,92
"573","2829",3102,42,538,0.0441116956697693,"drive_car",6.35074145712444,0.124758220502901,387
"574","2830",40291,37,689,0.0339313818067359,"drive_car",7.46365193219329,0.227817626765283,9179
"575","2831",1919,41,624,0.0302826379542396,"drive_car",6.93798853569568,0.151641479937467,291
"576","2832",2568,35,507,0.047741273100616,"drive_car",6.29322429906542,0.141744548286604,364
"577","2833",650,38,463,0.0617529880478088,"drive_car",6.58,0.116923076923077,76
"578","2834",2340,51,434,0.054718875502008,"drive_car",6.86452991452991,0.0585470085470085,137
"579","2835",4173,35,751,0.034419176398279,"drive_car",6.75700934579439,0.131080757248982,547
"580","2836",891,34,447,0.0386266094420601,"drive_car",6.3726150392817,0.292929292929293,261
"581","2838",247,33,383,0.0978260869565217,"drive_car",6.7246963562753,0.202429149797571,50
"582","2839",1338,34,447,0.0755813953488372,"drive_car",6.26233183856502,0.158445440956652,212
"583","2840",2695,36,719,0.0323827936201063,"drive_car",5.9469387755102,0.175881261595547,474
"584","2842",630,48,463,0.0296442687747036,"drive_car",6.77301587301587,0.0841269841269841,53
"585","2843",1290,46,498,0.0279652844744455,"drive_car",7.02248062015504,0.0674418604651163,87
"586","2844",1437,49,517,0.0402053036783576,"drive_car",6.38970076548365,0.0758524704244955,109
"587","2845",1980,40,544,0.0396361273554256,"drive_car",6.72626262626263,0.254545454545455,504
"588","2846",275,51,422,0.0262008733624454,"drive_car",6.88,0.105454545454545,29
"589","2847",2424,47,485,0.0456575682382134,"drive_car",7.05239273927393,0.158415841584158,384
"590","2848",1645,50,417,0.0531227566403446,"drive_car",6.64316109422492,0.0796352583586626,131
"591","2849",1546,51,470,0.0356037151702786,"drive_car",7.46701164294955,0.0957309184993532,148
"592","2850",17644,41,590,0.0328326180257511,"drive_car",7.26331897528905,0.171559737021084,3027
"593","2852",3543,42,511,0.0396396396396396,"drive_car",6.73807507761784,0.156364662715213,554
"594","2864",804,44,624,0.0267295597484277,"drive_car",7.4365671641791,0.211442786069652,170
"595","2865",865,44,602,0.0229555236728838,"drive_car",6.80115606936416,0.179190751445087,155
"596","2866",3093,40,588,0.0193196136077278,"drive_car",7.16359521500162,0.21209182023925,656
"597","2867",602,44,565,0.0493562231759657,"drive_car",7.2624584717608,0.199335548172757,120
"598","2868",652,46,480,0.0397727272727273,"drive_car",7.23466257668712,0.156441717791411,102
"599","2869",1449,49,460,0.0551440329218107,"drive_car",7.13871635610766,0.105590062111801,153
"600","2870",12042,39,581,0.0393287886733089,"drive_car",7.10986547085202,0.190915130377014,2299
"601","2871",9349,42,567,0.029676379750235,"drive_car",7.12375655150283,0.143972617392234,1346
"602","2873",561,49,502,0.0195652173913043,"drive_car",6.61140819964349,0.0837789661319073,47
"603","2874",424,52,491,0.0167597765363128,"drive_car",7.13915094339623,0.0849056603773585,36
"604","2875",973,48,547,0.0309677419354839,"drive_car",7.03288797533402,0.0986639260020555,96
"605","2876",421,44,488,0.0244648318042813,"drive_car",6.26840855106888,0.137767220902613,58
"606","2877",3883,38,557,0.0412920412920413,"drive_car",6.80195724954932,0.110739119237703,430
"607","2878",372,41,781,0.012779552715655,"drive_car",5.65591397849462,0.0887096774193548,33
"608","2879",638,46,437,0.0613026819923372,"drive_car",6.26332288401254,0.22257053291536,142
"609","2880",18276,44,532,0.044412325077196,"drive_car",7.15369884000875,0.129897132851828,2374
